pattern,frequency,probability
VVV,907,0.1091981699975921
VVM,1435,0.172766674692993
VVS,0,0.0
VMV,4965,0.5977606549482302
VMM,71,0.00854803756320732
VMS,0,0.0
VSV,0,0.0
VSM,0,0.0
VSS,0,0.0
MVV,309,0.03720202263424031
MVM,422,0.050806645798218156
MVS,0,0.0
MMV,17,0.0020467132193594992
MMM,0,0.0
MMS,0,0.0
MSV,0,0.0
MSM,0,0.0
MSS,0,0.0
SVV,70,0.00842764266795088
SVM,110,0.013243438478208525
SVS,0,0.0
SMV,0,0.0
SMM,0,0.0
SMS,0,0.0
SSV,0,0.0
SSM,0,0.0
SSS,0,0.0
