monogram,frequency,probability
च,386,0.4628297362110312
स,194,0.23261390887290168
न,250,0.2997601918465228
क,1,0.001199040767386091
य,2,0.002398081534772182
व,1,0.001199040767386091
